{"3tqCbk3OmOUf1KD4eOYjgw==":"onsleep%20logo-192x68.png","XviGDbJwzKuxXrr2TkLIiw==":"onsleep%20logo-192x68.png","wQg7k/8oZqIErMBa4k1mLg==":"mbr-1920x1269.jpg","NEGQzlyoqMRd2AZRN3wAUw==":"acordei-1080x1080.png","YNi3Wr+WEITk80vIDMzp7Q==":"quarto%20colch%C3%A3o%20preto-1080x1080.png","F3T9alsRpqAoGmNwobDg8g==":"quarto%20colch%C3%A3o%20preto-1080x1080.png","3pRx2L4n/pmMN/KGSlXFPA==":"colch%C3%83o%20magnetico%20%20ivl-1080x1920.png","gWDidrL9UGIzyoEkbayR/w==":"quarto%20colch%C3%A3o%20azul-719x720.jpeg","Y9Eh42OubISknZo7wiSdlQ==":"quarto%20colch%C3%A3o%20azul-719x720.jpg","JZqFLWRjBzc246gxzvPelw==":"on%20preto-343x343.png","DQbTrosrI0zhhOAN1WZCuA==":"on%20branco-305x118.png","uDZCPFdU89comPzVxIGHKA==":"onsleep%20logo%20png-314x115.jpg","DfqMVwg5k3COVOpCDkZ3rg==":"logo-png-preta-332x118.png","btWHmIJI9o/KRVRwkDdh9A==":"onsleep+-342x177.png","LYdHixdhyW9B9WjaZ5gjTQ==":"onsleep+-1-342x177.png","1nwXqW8jnfdKVIwjP7Jt6A==":"inmetro%20abnt-365x189.jpg","VTPrPdfsKrQ2OS3vGW/skw==":"7-1080x1080.png","V+Z3TQLL7k8BOfizxGPY0Q==":"preto%20sem%20fundo-931x525.png","Sb0aVWGLM/gRBfWPR3cMzg==":"deitados%20no%20colch%C3%A3o-1080x1080.png","i9YMbw5jh2/mrdEfoqZVxQ==":"quadro%20colch%C3%B5es-1080x1080.png","OKn248amJe1noVllHbH8Fw==":"onsleep+-276x98.png","bNC45RN7b3kWG9m+2fwirQ==":"305496759_468577865328332_725178901562367876_n-160x160.png","5yUoA2BsXv0TGEz5iU/6Ag==":"rogerio%20(3)-min-160x240.png","AaEupXemzoiFS4piUwsNDg==":"whatsapp%20image%202024-05-21%20at%2021.08.21-160x160.jpeg","Gu2nB/0i6Six6vYrVl1G3w==":"whatsapp%20image%202024-05-21%20at%2021.08.21-160x160.jpeg","8idkvurXl8JDNFSTFir5lQ==":"whatsapp%20image%202024-05-21%20at%2021.08.21-160x160.jpeg","vtMlKtfJH2wjgYWpe9iuHQ==":"whatsapp%20image%202024-05-21%20at%2021.08.21%20-%20copia-160x160.jpeg","vPAhkcSC5dvtc9aoOPHszA==":"whatsapp%20image%202024-05-21%20at%2021.08.21%20-%20copia-160x160.jpeg","su+nKOu1Utfqxu4J13hJmQ==":"quarto%20colch%C3%A3o%20azul-719x720.jpeg"}